,period,interest,payment,principal,loan_value
0,0,2160.0,4993.375174938876,2833.3751749388757,15166.624825061124
1,1,1819.994979007335,4993.375174938876,3173.3801959315406,11993.244629129584
2,2,1439.18935549555,4993.375174938876,3554.1858194433257,8439.058809686258
3,3,1012.6870571623508,4993.375174938876,3980.688117776525,4458.370691909733
4,4,535.004483029168,4993.375174938876,4458.370691909708,2.546585164964199e-11
